{
  "lr": 0.01,
  "batch": 128,
  "results": [
    {
      "epoch": 1,
      "train_loss": 217.18691807531533,
      "train_acc": 84.08666666666666,
      "test_loss": 224.67296914291046,
      "test_acc": 84.28999999999999
    }
  ]
}