{
  "lr": 0.01,
  "batch": 128,
  "results": [
    {
      "epoch": 1,
      "train_loss": 46.905433654785156,
      "train_acc": 91.51166677474976,
      "test_loss": 49.503318786621094,
      "test_acc": 91.45999550819397
    },
    {
      "epoch": 2,
      "train_loss": 176.13937377929688,
      "train_acc": 78.36999893188477,
      "test_loss": 337.02972412109375,
      "test_acc": 80.03000020980835
    },
    {
      "epoch": 3,
      "train_loss": 176.38499450683594,
      "train_acc": 77.17333436012268,
      "test_loss": 229.30819702148438,
      "test_acc": 79.0399968624115
    },
    {
      "epoch": 4,
      "train_loss": 40.482215881347656,
      "train_acc": 92.51500368118286,
      "test_loss": 48.85776901245117,
      "test_acc": 92.03999638557434
    }
  ]
}